{
  "corners": [
    [
      469,
      848
    ],
    [
      572,
      97
    ],
    [
      1366,
      97
    ],
    [
      1479,
      856
    ]
  ],
  "transform_matrix": [
    [
      0.005273870809124561,
      -0.665826189651974,
      562.1471634153945
    ],
    [
      0.6357256052196691,
      0.0871900630327909,
      -372.09248229983143
    ],
    [
      1.0987230852342977e-05,
      0.00037719121604710086,
      1.0
    ]
  ],
  "board_size": 480,
  "squares": {
    "a8": [
      30,
      30
    ],
    "b8": [
      90,
      30
    ],
    "c8": [
      150,
      30
    ],
    "d8": [
      210,
      30
    ],
    "e8": [
      270,
      30
    ],
    "f8": [
      330,
      30
    ],
    "g8": [
      390,
      30
    ],
    "h8": [
      450,
      30
    ],
    "a7": [
      30,
      90
    ],
    "b7": [
      90,
      90
    ],
    "c7": [
      150,
      90
    ],
    "d7": [
      210,
      90
    ],
    "e7": [
      270,
      90
    ],
    "f7": [
      330,
      90
    ],
    "g7": [
      390,
      90
    ],
    "h7": [
      450,
      90
    ],
    "a6": [
      30,
      150
    ],
    "b6": [
      90,
      150
    ],
    "c6": [
      150,
      150
    ],
    "d6": [
      210,
      150
    ],
    "e6": [
      270,
      150
    ],
    "f6": [
      330,
      150
    ],
    "g6": [
      390,
      150
    ],
    "h6": [
      450,
      150
    ],
    "a5": [
      30,
      210
    ],
    "b5": [
      90,
      210
    ],
    "c5": [
      150,
      210
    ],
    "d5": [
      210,
      210
    ],
    "e5": [
      270,
      210
    ],
    "f5": [
      330,
      210
    ],
    "g5": [
      390,
      210
    ],
    "h5": [
      450,
      210
    ],
    "a4": [
      30,
      270
    ],
    "b4": [
      90,
      270
    ],
    "c4": [
      150,
      270
    ],
    "d4": [
      210,
      270
    ],
    "e4": [
      270,
      270
    ],
    "f4": [
      330,
      270
    ],
    "g4": [
      390,
      270
    ],
    "h4": [
      450,
      270
    ],
    "a3": [
      30,
      330
    ],
    "b3": [
      90,
      330
    ],
    "c3": [
      150,
      330
    ],
    "d3": [
      210,
      330
    ],
    "e3": [
      270,
      330
    ],
    "f3": [
      330,
      330
    ],
    "g3": [
      390,
      330
    ],
    "h3": [
      450,
      330
    ],
    "a2": [
      30,
      390
    ],
    "b2": [
      90,
      390
    ],
    "c2": [
      150,
      390
    ],
    "d2": [
      210,
      390
    ],
    "e2": [
      270,
      390
    ],
    "f2": [
      330,
      390
    ],
    "g2": [
      390,
      390
    ],
    "h2": [
      450,
      390
    ],
    "a1": [
      30,
      450
    ],
    "b1": [
      90,
      450
    ],
    "c1": [
      150,
      450
    ],
    "d1": [
      210,
      450
    ],
    "e1": [
      270,
      450
    ],
    "f1": [
      330,
      450
    ],
    "g1": [
      390,
      450
    ],
    "h1": [
      450,
      450
    ]
  },
  "graveyard_slots": [
    [
      485,
      908
    ],
    [
      620,
      911
    ],
    [
      755,
      914
    ],
    [
      891,
      918
    ],
    [
      1026,
      921
    ],
    [
      1162,
      925
    ],
    [
      1297,
      928
    ],
    [
      1433,
      932
    ]
  ]
}